Name,Category,Neighborhood,Address,Link,Google Maps,From UN HQ,Why it is good,Dietary notes,Tips
UN Headquarters,Conference Venue,Turtle Bay,"405 E 42nd St, New York, NY 10017",https://www.unopensource.org/,https://maps.google.com/maps?q=405+E+42nd+St+New+York+NY+10017,Starting point,Home of UN Open Source Week — the anchor for all OSW+ events,N/A,Visitor access requires pre-registration; nearby Visitor Entrance on 45th St
Gregory's Coffee (3rd Ave),Coffee,Midtown East,"873 3rd Ave, New York, NY 10022",https://www.gregoryscoffee.com,https://maps.google.com/maps?q=873+3rd+Ave+New+York+NY+10022,~8 min walk,NYC-born specialty coffee chain with fast service and reliable espresso; good WiFi and enough seating for a small sidebar,Vegan milk options; pastries include GF choices,Busy 8–9 AM rush — arrive early or after 9:30; power outlets along the window counter
Joe Coffee,Coffee,Grand Central,"514 Lexington Ave, New York, NY 10017",https://joecoffee.com,https://maps.google.com/maps?q=514+Lexington+Ave+New+York+NY+10017,~10 min walk,NYC independent specialty roaster known for quality single-origin pours and a calm atmosphere — ideal for 1:1 chats,Several dairy-free milk options; pastries vary,Less crowded than chains; good for laptop work; located near Grand Central
Birch Coffee,Coffee,Midtown East,"750 Lexington Ave, New York, NY 10022",https://www.birchcoffee.com,https://maps.google.com/maps?q=750+Lexington+Ave+New+York+NY+10022,~15 min walk,Community-focused NYC coffee shop with cozy seating and board games — a favorite among locals for longer conversations,Oat and almond milk; gluten-free snacks available,Great for relaxed mid-afternoon meetups; quieter than street-level cafes
Dag Hammarskjöld Plaza,Park,Turtle Bay,"E 47th St between 1st Ave & 2nd Ave, New York, NY 10017",,https://maps.google.com/maps?q=Dag+Hammarskjold+Plaza+New+York+NY,~5 min walk,Named after the second UN Secretary-General — a beautifully maintained plaza with benches and seasonal farmers market; perfect spontaneous meeting spot right next to the UN,Outdoor only,Farmers market Wednesdays year-round; great backdrop for photos; mostly locals
Tudor City Greens,Park,Tudor City,"Tudor City Place, New York, NY 10017",,https://maps.google.com/maps?q=Tudor+City+Greens+New+York+NY,~5 min walk,Two elevated private parks (publicly accessible) with benches and leafy calm — hidden gem just above 42nd St with a view of the UN and Chrysler Building,Outdoor only,Enter via stairs on 42nd St between 1st and 2nd Ave; peaceful escape from Midtown bustle
East River Esplanade,Park,Turtle Bay,"East River Greenway, New York, NY 10017",,https://maps.google.com/maps?q=East+River+Esplanade+New+York+NY+42nd+St,~3 min walk,Paved waterfront path along the East River with benches and views of Queens and the bridges — great for a walking meeting or short break,Outdoor path,Access from the bottom of 42nd or 47th St; path runs north to the 50s easily
Greenacre Park,Park,Turtle Bay,"217 E 51st St, New York, NY 10022",,https://maps.google.com/maps?q=217+E+51st+St+New+York+NY+10022,~12 min walk,Pocket park with a dramatic 25-ft waterfall that masks city noise — one of NYC's best vest-pocket parks for a quiet conversation or recharge,Seasonal snack bar on-site,Open daily; free to enter; the waterfall sound makes it perfect for private conversations even in the city
Xi'an Famous Foods,Food,Midtown,"24 W 45th St, New York, NY 10036",https://www.xianfoods.com,https://maps.google.com/maps?q=24+W+45th+St+New+York+NY+10036,~12 min walk,Hand-ripped noodles and lamb burgers from the Xi'an region of China — bold flavors at very affordable prices; beloved NYC chain that is always worth the short wait,Vegetarian and vegan options available; spice level adjustable,Quick counter service; cash or card; seating is limited so best for takeout to a nearby plaza
Hale and Hearty,Food,Grand Central,"849 Lexington Ave, New York, NY 10065",https://www.haleandhearty.com,https://maps.google.com/maps?q=849+Lexington+Ave+New+York+NY+10065,~12 min walk,NYC-born soup and salad chain known for creative rotating soups and big grain bowls — fast and filling for a conference lunch,Vegetarian, vegan
Ammos Estiatorio,Food,Grand Central,"52 Vanderbilt Ave, New York, NY 10017",https://www.ammosny.com,https://maps.google.com/maps?q=52+Vanderbilt+Ave+New+York+NY+10017,~10 min walk,Upscale Greek seafood restaurant with a great-value lunch prix fixe — impressive enough for an important side meeting without blowing the budget,Seafood-forward; good vegetarian mezze options; gluten-free available,Lunch prix fixe (weekdays) is excellent value; dinner more expensive; reservations recommended for groups
Halal Guys (53rd & 6th Ave),Quick Bites,Midtown,"W 53rd St & 6th Ave, New York, NY 10019",,https://maps.google.com/maps?q=Halal+Guys+53rd+6th+Ave+New+York+NY,~20 min walk or short subway,The original NYC halal cart that launched a global chain — chicken and rice with white sauce and hot sauce at unbeatable prices,Halal; no pork; vegetarian falafel option,This is the original outdoor cart (open until late); the brick-and-mortar franchise is nearby too; cash preferred at the cart
1st Ave Halal Cart,Quick Bites,Turtle Bay,"1st Ave & E 46th St, New York, NY 10017",,https://maps.google.com/maps?q=1st+Ave+%26+E+46th+St+New+York+NY+10017,~5 min walk,Classic NYC street-cart halal food — chicken over rice with salad and sauces for under $10; as close to the UN as it gets,Halal; vegetarian rice and salad combo available,Cart positions shift; look along 1st Ave between 44th–47th St; cash only; perfect for a quick affordable lunch
Benjamin Steakhouse,Restaurant,Midtown East,"52 E 41st St, New York, NY 10017",https://www.benjaminsteakhouse.com,https://maps.google.com/maps?q=52+E+41st+St+New+York+NY+10017,~8 min walk,Elegant USDA prime dry-aged steakhouse in a stunning Art Deco Chemists Club building — ideal for a celebratory dinner or high-stakes evening meeting,Non-beef options available; accommodates dietary restrictions with advance notice,Reservations strongly recommended; business casual dress; prix fixe lunch is the best value
The Water Club,Restaurant,Murray Hill,"East River at 30th St, New York, NY 10016",https://www.thewaterclub.com,https://maps.google.com/maps?q=The+Water+Club+30th+St+New+York+NY,~20 min walk or taxi,Unique NYC landmark — a restaurant on a permanently moored barge on the East River with sweeping Manhattan and river views; memorable dinner setting for an international delegation,Seafood-focused; vegetarian and dietary accommodations available,Reservations essential; take a taxi or Uber rather than walking at night; Sunday brunch is iconic
The Ginger Man,Bar,Midtown East,"11 E 36th St, New York, NY 10016",https://www.gingerman-ny.com,https://maps.google.com/maps?q=11+E+36th+St+New+York+NY+10016,~10 min walk,Beer bar with 70+ taps featuring craft and import ales — relaxed atmosphere perfect for post-conference pints with a global crowd,Pub food with vegetarian options; large gluten-free beer selection,Happy hour Mon–Fri 3–6 PM; large comfortable booths good for groups; quieter than midtown tourist bars
Turtle Bay Brasserie,Bar,Turtle Bay,"987 2nd Ave, New York, NY 10022",https://www.turtlebayny.com,https://maps.google.com/maps?q=987+2nd+Ave+New+York+NY+10022,~8 min walk,Neighborhood French-American brasserie and bar in the heart of Turtle Bay — great happy hour and sidewalk seating; a local favorite for UN and NGO staff,Vegetarian and vegan menu items; gluten-free options,Happy hour weekdays 4–7 PM; can get loud later in the evening; good spot for spontaneous after-work gatherings
Wheeltapper Pub,Bar,Grand Central,"89 E 42nd St (inside Grand Central), New York, NY 10017",,https://maps.google.com/maps?q=89+E+42nd+St+New+York+NY+10017,~10 min walk,Classic pub inside Grand Central Terminal serving craft beers and hearty food — legendary location in one of the world's greatest train stations,Standard pub menu with vegetarian options,Convenient for anyone arriving by train; gets busy at rush hour; beautiful interior inside Grand Central
Osteria Laguna,Restaurant,,"209 E 42nd St, New York, NY 10017, United States",http://www.osterialagunanyc.com/,https://maps.google.com/maps?q=209+E+42nd+St%2C+New+York%2C+NY+10017%2C+United+States,~6 min Walk,,,
DRINK33,Bar,Murray Hill,"154 E 33rd St, New York, NY 10016",http://www.drink33.com/,https://maps.google.com/maps?q=154+E+33rd+St%2C+New+York%2C+NY+10016,~20 min walk or short subway,Compact neighborhood bar with a strong rating and a late-night crowd; good for casual drinks close to Midtown South.,Bar menu; check for snacks and late bites,Best for a small group; opens in the evening.
Playwright Irish Pub,Bar,Midtown South,"27 W 35th St, New York, NY 10018",,https://maps.google.com/maps?q=27+W+35th+St%2C+New+York%2C+NY+10018,~25 min walk or short subway,Irish pub with a central Midtown location and strong reviews; easy meetup spot near Herald Square.,Pub food; check menu for vegetarian options,Good for a pre- or post-event pint near Penn Station and Herald Square.
Clinton Hall,Bar,Midtown South,"16 W 36th St, New York, NY 10018",http://www.clintonhallny.com/,https://maps.google.com/maps?q=16+W+36th+St%2C+New+York%2C+NY+10018,~25 min walk or short subway,Busy beer bar and gastropub with a group-friendly layout and solid reviews.,Pub fare; vegetarian options,Can get lively; best for groups.
Sundays Well,Bar,Murray Hill,"360 3rd Ave, New York, NY 10016",,https://maps.google.com/maps?q=360+3rd+Ave%2C+New+York%2C+NY+10016,~20 min walk or short subway,Neighborhood gastropub with a relaxed Murray Hill vibe and solid ratings.,Pub fare; vegetarian options,Good for after-work drinks; check peak hours.
The Junction,Bar,Murray Hill,"329 Lexington Ave, New York, NY 10016",,https://maps.google.com/maps?q=329+Lexington+Ave%2C+New+York%2C+NY+10016,~15 min walk,Lexington Avenue bar with pub fare and a neighborhood feel; convenient for a quick post-event pint.,Pub fare; vegetarian options,Easy casual meetup; pub crowd.
Talea Beer Co. Bryant Park,Bar,Bryant Park,"22 W 40th St, New York, NY 10018",https://taleabeer.com/,https://maps.google.com/maps?q=22+W+40th+St%2C+New+York%2C+NY+10018,~25 min walk or short subway,Bright beer hall near Bryant Park with a strong local following and plenty of room for small groups.,Beer and bar snacks; check menu for dietary needs,Good for a drink before or after Bryant Park events; book if you want a table.
Parnell's,Bar,Beekman,"963 1st Ave, New York, NY 10022",,https://maps.google.com/maps?q=963+1st+Ave%2C+New+York%2C+NY+10022,~10 min walk,Classic Irish pub with a big 1st Avenue footprint and reliable late hours.,Pub fare; vegetarian options,Late hours; good fallback when nearby bars are full.
Agency of Record,Bar,Murray Hill,"118 E 40th St, New York, NY 10016",http://agency-of-record.com/,https://maps.google.com/maps?q=118+E+40th+St%2C+New+York%2C+NY+10016,~15 min walk,Cocktail bar in the Renwick Hotel with polished drinks and a more elevated vibe than a standard pub.,Cocktail menu; light bites,Reserve if you want a table; hotel bar setting.
Albert's Bar,Bar,Murray Hill,"140 E 41st St, New York, NY 10016",,https://maps.google.com/maps?q=140+E+41st+St%2C+New+York%2C+NY+10016,~15 min walk,Cocktail bar near the UN with strong reviews and a mid-range price point.,Cocktail menu; check menu,Best for a smaller group or quieter drink.
Vintage Green Rooftop,Restaurant,Murray Hill,"303 Lexington Ave, New York, NY 10016",https://vintagegreen.nyc/,https://maps.google.com/maps?q=303+Lexington+Ave+New+York+NY+10016,~20 min walk,All-season rooftop lounge near Grand Central with skyline views and event-friendly cocktail service.,Cocktails and small plates,Book ahead; rooftop views make it a splurge option.
